Region,Catch
BER,16.372549019607842
KTZ,18.836144578313252
ALU,40.38390804597701
NRS,51.502702702702706
KSK,67.64235294117647
YUK,68.64556962025317
YAK,91.92291666666667
GSE,133.84146341463415
COP,179.22340425531914
NOP,229.49347826086955
CHG,315.48727272727274
CKI,683.5714285714286
SOP,1110.9422222222222
PWS,1419.2366972477064
KOD,1528.35
NSE,1825.0208695652175
BRB,2709.79649122807
SSE,3184.660714285714
